Time,open_circuit_voltage,pole_weight,assembly_time,assembly_pressure,electrolyte_volume,coin_num,electrolyte_code,coin_cell_code
20260110_153356,0.0,23.889999389648438,17.0,3609,40,7,deaoR,
20260110_153640,3.430999994277954,23.719999313354492,162.0,3560,40,7,deaoR,
20260110_162905,0.0,23.920000076293945,772.0,3625,30,7,LG600001,YS103130
20260110_163526,3.430999994277954,24.010000228881836,234.0,3690,30,7,LG600001,YS102964
20260110_164530,0.0,23.589998245239258,219.0,3690,30,7,LG600001,YS102857
