Time,open_circuit_voltage,pole_weight,assembly_time,assembly_pressure,electrolyte_volume,coin_num,electrolyte_code,coin_cell_code
20260106_221708,0.03200000151991844,26.26999855041504,18.0,3803,30,7,NoRead88,22000063
20260106_221957,0.11299999803304672,26.26999855041504,170.0,3787,30,7,LG600001,22124813
