Time,open_circuit_voltage,pole_weight,assembly_time,assembly_pressure,electrolyte_volume,coin_num,electrolyte_code,coin_cell_code
20251230_182319,0.01600000075995922,13.899999618530273,175.0,3836,20,7,b'\x00\x00d\x00eaoR',b'\x00\x00\x01\x00\x00\x00\r\n'
20251230_185306,0.01600000075995922,13.639999389648438,625.0,3819,20,7,deaoR,
20251230_192124,0.0,8.949999809265137,414.0,3803,20,8,deaoR,
20251230_195621,3.8359999656677246,10.069999694824219,205.0,3350,20,8,LG600001,19311909
20251230_200830,0.7929999828338623,9.34999942779541,18.0,3318,20,8,LG600001,19533419
20251230_201123,0.0,9.169999122619629,17.0,3269,20,8,LG600001,20054389
20251230_201410,0.0,9.569999694824219,18.0,3237,20,8,LG600001,YS102704
20251230_201659,0.0,9.699999809265137,169.0,3318,20,8,LG600001,20112754
